Date,price,rolling_high,drawdown,months_below_high,D,T,score_raw,score,score_pt1,score_pt1_rounded,score_pt1_discrete,bond_weight,stock_weight,returns,dax_weight,portfolio_return,portfolio_value,buy_hold_value,conservative_return,conservative_value
2006-01-31,2305.820068359375,2305.820068359375,0.0,0,0,0,0,0,0.0,0.0,0.0,0.19999999999999996,0.7,,0.8,,,,,
2006-02-28,2281.389892578125,2305.820068359375,-0.01059500527230317,1,0,0,0,0,0.0,0.0,0.0,0.19999999999999996,0.7,-0.01059500527230317,0.8,-0.007642670884509203,99235.73291154909,98940.49947276968,-0.007642670884509203,99235.73291154909
2006-03-31,2339.7900390625,2339.7900390625,0.0,0,0,0,0,0,0.0,0.0,0.0,0.19999999999999996,0.7,0.025598494441640085,0.8,0.021312128886645403,101350.65764152074,101473.22729857646,0.021312128886645403,101350.65764152074
2006-04-30,2322.570068359375,2339.7900390625,-0.007359622195000304,1,0,0,0,0,0.0,0.0,0.0,0.19999999999999996,0.7,-0.007359622195000304,0.8,-0.00505436442266691,100838.39448332354,100726.42268275157,-0.00505436442266691,100838.39448332354
2006-05-31,2178.8798828125,2339.7900390625,-0.06877119466431825,2,1,0,1,1,0.28346868942621073,0.5,0.0,0.19999999999999996,0.7,-0.06186688940169427,0.8,-0.04866017818802209,95931.58023957096,94494.79223080946,-0.04866017818802209,95931.58023957096
2006-06-30,2172.090087890625,2339.7900390625,-0.0716730768026812,3,1,1,2,2,0.7700515703936186,1.0,0.7700515703936186,0.19232408624453068,0.8,-0.003116185970339358,0.8076759137554693,-0.0017155179916736034,95767.00788770031,94200.32888498966,-0.0016596154429381529,95772.37070753993
2006-07-31,2091.469970703125,2339.7900390625,-0.10612920997769149,4,2,1,3,3,1.4021721292221763,1.5,1.4021721292221763,0.1781506517732201,0.9,-0.03711637820040525,0.8218493482267799,-0.029761776850153302,92916.8115693397,90703.95385149184,-0.02885976922699087,93008.4021905985
2006-08-31,2183.75,2339.7900390625,-0.06668976124243253,5,1,1,2,3,1.571637612254028,1.5,1.4021721292221763,0.16615309851432103,0.9,0.044122091442628575,0.833846901485679,0.03748337381364664,96399.64715096542,94706.00199753532,0.036131006487436196,96368.88937353311
2006-09-30,2258.429931640625,2339.7900390625,-0.034772396695249674,6,0,1,1,1,1.4095962474816504,1.5,1.4021721292221763,0.17134921644819978,0.7,0.03419802250286197,0.8286507835518002,0.02905217321145283,99200.26639751821,97944.75998500311,0.02819175133562291,99085.69713924191
2006-10-31,2366.7099609375,2366.7099609375,0.0,0,0,0,0,1,1.0100198465879222,1.0,1.0100198465879222,0.17574763531960447,0.7,0.04794482564186331,0.8242523646803955,0.04025091772332678,103193.16815841681,102640.70442501825,0.03918919384682398,102968.78573187935
2006-11-30,2431.77001953125,2431.77001953125,0.0,0,0,0,0,1,0.7237108443811815,0.5,1.0100198465879222,0.1794708165126626,0.7,0.02748966272486486,0.8205291834873374,0.02330386557877842,105597.96787782885,105462.26277150454,0.022825063513225222,105319.05480608919
2006-12-31,2415.2900390625,2431.77001953125,-0.00677694861618805,1,0,0,0,1,0.5185614798009116,0.5,1.0100198465879222,0.18262242135104267,0.7,-0.00677694861618805,0.8173775786489573,-0.004778399094898846,105093.37864369828,104747.55043575514,-0.004588225559617107,104835.82722691316
2007-01-31,2463.929931640625,2463.929931640625,0.0,0,0,0,0,0,0.3715655367348307,0.5,0.3715655367348307,0.1852901972508083,0.7,0.020138323676027303,0.8147098027491917,0.017178932198340616,106898.77066991292,106856.99051070136,0.016943992274155176,106612.16467350065
2007-02-28,2416.14990234375,2463.929931640625,-0.019391797097517482,1,0,0,0,0,0.2662383410006617,0.5,0.3715655367348307,0.1875484207960635,0.7,-0.019391797097517482,0.8124515792039365,-0.014973444422163461,105298.12786848938,104784.84143226649,-0.014680104344680653,105047.08697168139
2007-03-31,2421.639892578125,2463.929931640625,-0.017163653283898683,2,0,0,0,0,0.19076810740219552,0.0,0.3715655367348307,0.18945996575783974,0.7,0.0022722059707676046,0.8105400342421603,0.0026311304293422143,105575.18097687693,105022.93417461484,0.0026510981099474172,105325.57710540752
2007-04-30,2525.090087890625,2525.090087890625,0.0,0,0,0,0,0,0.13669132201257655,0.0,0.13669132201257655,0.1910780536342901,0.7,0.042719066377109094,0.8089219463657099,0.035352548877506586,109307.53272261357,109509.41587073897,0.03500858643502061,109012.8766753206
2007-05-31,2604.52001953125,2604.52001953125,0.0,0,0,0,0,0,0.09794361210573532,0.0,0.13669132201257655,0.19244773545097227,0.7,0.031456276360808166,0.8075522645490277,0.026204452773829736,112171.87680166714,112954.17432047961,0.025998354421979866,111847.03207968519
2007-06-30,2603.22998046875,2604.52001953125,-0.0004953077929238381,1,0,0,0,0,0.07017966474445339,0.0,0.13669132201257655,0.1936071460777088,0.7,-0.0004953077929238381,0.8063928539222912,0.0004072837772846483,112217.56258735602,112898.2272376954,0.0004370870989942629,111895.918974468
2007-07-31,2546.27001953125,2604.52001953125,-0.022364965353763533,2,0,0,0,0,0.05028592715497234,0.0,0.05028592715497234,0.19458856598488516,0.7,-0.021880495140595868,0.8054114340151148,-0.01681201527654438,110330.95921084081,110427.9581252391,-0.016671062779143365,110030.4950845147
2007-08-31,2596.360107421875,2604.52001953125,-0.0031329811436210386,3,0,1,1,1,0.31950013071398115,0.5,0.05028592715497234,0.1954193200007538,0.7,0.019671946614619573,0.8045806799992462,0.016641915350769292,112167.07769459682,112600.29102224026,0.01657089062502899,111853.79838397799
2007-09-30,2701.5,2701.5,0.0,0,0,0,0,1,0.2289318473889859,0.0,0.05028592715497234,0.19612253809306612,0.7,0.04049511170564335,0.8038774619069339,0.03337028485962479,115910.1250291372,117160.05238527383,0.03322942269784801,115570.63553083906
2007-10-31,2859.1201171875,2859.1201171875,0.0,0,0,0,0,1,0.16403683664170876,0.0,0.16403683664170876,0.196717799356821,0.7,0.05834540706551916,0.803282200643179,0.047687484482332405,121437.5873178094,123995.80333351016,0.047509658985748666,121061.35701367546
2007-11-30,2660.9599609375,2859.1201171875,-0.06930809064605825,1,1,0,1,1,0.4010062189674729,0.5,0.16403683664170876,0.19722167713812477,0.7,-0.06930809064605825,0.8027783228618752,-0.05481727578152595,114780.7096035659,115401.89095634043,-0.05461313918351327,114449.81627334261
2007-12-31,2652.280029296875,2859.1201171875,-0.07234396577017277,2,1,0,1,1,0.570802201051214,0.5,0.16403683664170876,0.19764820047157683,0.7,-0.0032619549967098926,0.8023517995284232,-0.0017937012929593443,114574.82729634321,115025.45518150562,-0.001776230664034581,114246.52700018478
2008-01-31,2389.860107421875,2859.1201171875,-0.16412742051118623,3,2,1,3,3,1.2594037174762622,1.5,1.2594037174762622,0.18265741716764483,0.9,-0.09894125770142304,0.8173425828323552,-0.0801078305468309,105396.48644635532,103644.69197816879,-0.0783196728278051,105298.77638381731
2008-02-29,2271.47998046875,2859.1201171875,-0.20553181140805243,4,3,1,4,4,2.0362769539296113,2.0,2.0362769539296113,0.1622920793036018,1.0,-0.049534333237952866,0.8377079206963982,-0.04081908630274964,101094.29817009496,98510.7212673772,-0.03879413325702896,101213.8016209814
2008-03-31,2279.10009765625,2859.1201171875,-0.20286661481778256,5,3,1,4,4,2.592930952195231,2.5,2.592930952195231,0.14505319298046648,1.0,0.0033546926466538896,0.8549468070195335,0.003472472070873928,101445.34529701521,98841.19445962945,0.0035170874506564452,101569.77941249579
2008-04-30,2412.800048828125,2859.1201171875,-0.1561039935595352,6,2,1,3,4,2.7083222816824244,2.5,2.592930952195231,0.13046079075046568,1.0,0.058663483586950615,0.8695392092495343,0.05155378575814701,106675.23689461878,104639.56324852651,0.04776412020289383,106421.17056533565
2008-05-31,2522.659912109375,2859.1201171875,-0.11767963264484982,7,2,1,3,4,2.791003782228735,3.0,2.592930952195231,0.11810858894051701,1.0,0.045532104218336755,0.881891411059483,0.040646490758201925,111011.21092518489,109404.02274771966,0.03725901670800274,110386.31873751468
2008-06-30,2292.97998046875,2859.1201171875,-0.19801201541530855,8,2,1,3,3,2.8502476661753904,3.0,2.8502476661753904,0.11532858960170389,0.9,-0.09104672831169436,0.8846714103982961,-0.08006590175765002,102122.99821725125,99443.1444124016,-0.07200404931602215,102438.05679932453
2008-07-31,2325.550048828125,2859.1201171875,-0.1866203749719494,9,2,1,3,3,2.892697763983169,3.0,2.8502476661753904,0.11297537096619059,0.9,0.014204253258555122,0.8870246290338094,0.013070253189731262,103457.77166044521,100855.66002046243,0.012196735940177431,103687.46672833078
2008-08-31,2367.52001953125,2859.1201171875,-0.17194104392502196,10,2,2,4,4,3.2065832776255725,3.0,2.8502476661753904,0.10330750064108729,1.0,0.018047330662384287,0.8966924993589127,0.016613353957747972,105176.55224072005,102675.83546602473,0.015271197863240764,105270.8985486773
2008-09-30,2091.8798828125,2859.1201171875,-0.26834837395000033,11,3,2,5,5,3.7149607655121017,3.5,3.7149607655121017,0.08744791133680585,1.0,-0.11642568360343775,0.9125520886631941,-0.10588013444912063,94040.44474857766,90721.7311323387,-0.09230721354941686,95553.63523580556
2008-10-31,1720.949951171875,2660.9599609375,-0.3532597346690042,12,3,2,5,5,4.079229153173648,4.0,3.7149607655121017,0.07402305882646087,1.0,-0.17731894392612801,0.9259769411735391,-0.1638848238970614,78628.64302175568,74635.04957680227,-0.1410218218075691,82078.48751451632
2008-11-30,1535.5699462890625,2652.280029296875,-0.42103777530001407,13,3,2,5,5,4.340238858385376,4.5,4.340238858385376,0.06265916651710202,1.0,-0.10771957938496624,0.937340833482898,-0.10070888046264352,70710.04041073781,66595.39342901303,-0.08534233017463966,75073.71813281743
2008-12-31,1577.030029296875,2522.659912109375,-0.3748542870456889,14,3,2,5,5,4.5272604845332145,4.5,4.340238858385376,0.05303983935360468,1.0,0.026999801023722236,0.9469601606463953,0.025788735245484737,72533.56292208786,68393.45580069289,0.022433174152311122,76757.85992595245
2009-01-31,1476.4200439453125,2522.659912109375,-0.4147367876033782,15,3,2,5,5,4.661267335422566,4.5,4.340238858385376,0.04489725470396033,1.0,-0.06379712718369723,0.9551027452960397,-0.06074573942054999,68127.45800957865,64030.149802443506,-0.05020436841362446,72904.28004758856
2009-02-28,1377.8399658203125,2522.659912109375,-0.4538146187655542,16,3,2,5,5,4.757287439916179,5.0,4.757287439916179,0.038004705604661626,1.0,-0.06676966932904327,0.9619952943953384,-0.06407375476285294,63762.27597245634,59754.87787304524,-0.052582402129901284,69070.79787713531
2009-03-31,1528.5899658203125,2522.659912109375,-0.39405626637078084,17,3,2,5,5,4.82608885123042,5.0,4.757287439916179,0.03217028875419392,1.0,0.10941038418075588,0.9678297112458061,0.10602466339876282,70522.64981997503,66292.68201780927,0.08836164067793804,75174.00690049323
2009-04-30,1717.300048828125,2522.659912109375,-0.31925027207009904,18,3,2,5,5,4.87538721664874,5.0,4.757287439916179,0.027231561514879155,1.0,0.12345369734684986,0.9727684384851208,0.12020532523295517,78999.84787787494,74476.75871994684,0.09959629121081323,82661.05918323844
2009-05-31,1774.3299560546875,2367.52001953125,-0.2505533463636812,19,3,2,5,5,4.9107110390310735,5.0,4.9107110390310735,0.02305101916257979,1.0,0.033209052352545676,0.9769489808374202,0.03253959576357345,81570.47099320478,76950.06129932546,0.027400575215369875,84926.01975277091
2009-06-30,1835.0400390625,2367.52001953125,-0.22491044471682098,20,3,2,5,5,4.936021663777163,5.0,4.9107110390310735,0.019512266461227168,1.0,0.034215779765565335,0.9804877335387728,0.033629453463856075,84313.64135149561,79582.96764968993,0.028205957145785603,87321.4394264797
2009-07-31,1978.5,2367.52001953125,-0.16431540866474825,21,2,2,4,5,4.670688829471709,4.5,4.9107110390310735,0.016516776970624814,1.0,0.07817810940560843,0.9834832230293752,0.07695567891261516,90802.05486329469,85804.6136014304,0.06337582085782009,92855.50732861928
2009-08-31,2009.06005859375,2091.8798828125,-0.03959109932612381,22,0,2,2,2,3.913632167116143,4.0,3.913632167116143,0.03700889112613592,0.8,0.01544607459881231,0.9629911088738641,0.015028636218684256,92166.68591374415,87129.95806404036,0.013190193012383182,94080.28939254653
2009-09-30,2122.419921875,2122.419921875,0.0,0,0,0,0,0,2.804239985807469,3.0,2.804239985807469,0.06203100501861769,0.7,0.05642432778271278,0.9379689949813823,0.0531827325437621,97068.36212013973,92046.20737753979,0.04597279555950356,98405.42330296901
2009-10-31,2045.1099853515625,2122.419921875,-0.036425372626138874,1,0,0,0,0,2.0093257521940497,2.0,2.0093257521940497,0.08321176714673506,0.7,-0.036425372626138874,0.9167882328532649,-0.033047637304494816,93860.482095052,88693.38997499006,-0.02830696476757777,95619.86445259329
2009-11-30,2144.60009765625,2144.60009765625,0.0,0,0,0,0,0,1.4397448145892673,1.5,1.4397448145892673,0.10114089520744163,0.7,0.04864780526098933,0.8988591047925584,0.044148943083713255,98004.32317687634,93008.12873843036,0.0397515775421248,99420.90490894801
2009-12-31,2269.14990234375,2269.14990234375,0.0,0,0,0,0,0,1.031622238889465,1.0,1.4397448145892673,0.11631757445405322,0.7,0.05807600439056948,0.8836824255459468,0.051805400986100716,103081.4764374258,98409.66923140209,0.04729413684578892,104122.93079104395
2010-01-31,2147.35009765625,2269.14990234375,-0.053676403027272834,1,1,0,1,1,1.0226583242747458,1.0,1.4397448145892673,0.12916435608083654,0.7,-0.053676403027272834,0.8708356439191635,-0.04620514017651619,98318.58236903229,93127.39216395674,-0.04210778908848494,99738.54438201977
2010-02-28,2238.260009765625,2269.14990234375,-0.013612980150063958,2,0,0,0,1,0.7327667093617788,0.5,0.7327667093617788,0.1400389219515692,0.7,0.04233585953617891,0.8599610780484308,0.03699068691497089,101955.45426736896,97070.02035758065,0.03470202096227646,103199.67343991154
2010-03-31,2397.9599609375,2397.9599609375,0.0,0,0,0,0,1,0.5250502906038383,0.5,0.7327667093617788,0.1492440432272636,0.7,0.07135004444304838,0.8507559567727364,0.06132332550603648,108207.70177652266,103995.97062418165,0.057913368887772036,109176.31419693475
2010-04-30,2461.18994140625,2461.18994140625,0.0,0,0,0,0,1,0.37621497284351724,0.5,0.7327667093617788,0.15703601016254065,0.7,0.0263682386273163,0.8429639898374593,0.022881792347279346,110683.68793894938,106738.16119387944,0.021927924235186372,111570.32414292202
2010-05-31,2257.0400390625,2461.18994140625,-0.08294764207719163,1,1,0,1,1,0.5530384969752586,0.5,0.5530384969752586,0.16363176777420463,0.7,-0.08294764207719163,0.8363682322257954,-0.06869297373900625,103080.49627002276,97884.48240319194,-0.06552478032841996,104259.70316228646
2010-06-30,2109.239990234375,2461.18994140625,-0.14299991449289828,2,2,0,2,2,0.9632067778878621,1.0,0.5530384969752586,0.161539042298817,0.8,-0.06548401723946207,0.838460957701183,-0.0542327124658084,97490.16135497778,91474.6132700255,-0.05155388045823633,98884.71088884673
2010-07-31,2254.699951171875,2461.18994140625,-0.08389843740235381,3,1,1,2,2,1.257105193765968,1.5,1.257105193765968,0.15976758842868832,0.8,0.06896321026102714,0.8402324115713117,0.058610822752441796,103204.13992226134,97782.99625851242,0.056003901542155045,104422.64050149017
2010-08-31,2114.030029296875,2461.18994140625,-0.14105368556439746,4,2,1,3,3,1.7511613002968787,2.0,1.257105193765968,0.15059217134566838,0.9,-0.06238964160259419,0.8494078286543316,-0.05236678262357454,97799.67116109931,91682.350167116,-0.04907837994874203,99297.74647570714
2010-09-30,2368.6201171875,2461.18994140625,-0.03761181640692812,5,0,1,1,1,1.5382305909540341,1.5,1.257105193765968,0.1581771759775814,0.7,0.12042879446480792,0.8418228240224186,0.10203877941655327,107779.03023371818,102723.54507144217,0.09717636890517968,108947.14091868346
2010-10-31,2507.409912109375,2507.409912109375,0.0,0,0,0,0,1,1.1021903813009883,1.0,1.1021903813009883,0.16459774378170644,0.7,0.05859521073673646,0.8354022562182936,0.0496363951854798,113128.79277110679,108742.65284252798,0.047709501922722504,114144.95474781851
2010-11-30,2498.22998046875,2507.409912109375,-0.0036611212216602906,1,0,0,0,1,0.7897539184154216,1.0,1.1021903813009883,0.17003263709131944,0.7,-0.0036611212216602906,0.8299673629086806,-0.0023301418044165676,112865.18664178766,108344.53280850656,-0.002095563643994899,113905.75673050353
2010-12-31,2652.8701171875,2652.8701171875,0.0,0,0,0,0,1,0.5658834101929875,0.5,0.5658834101929875,0.17463317495463704,0.7,0.06189988028633553,0.825366825045363,0.05181774589159846,118713.60620319966,115051.04641903205,0.05035323756240176,119641.28035887973
2011-01-31,2700.080078125,2700.080078125,0.0,0,0,0,0,0,0.4054731815375465,0.5,0.5658834101929875,0.17852744618060268,0.7,0.017795805618840754,0.8214725538193973,0.01536263024806854,120537.35944071422,117098.47247734937,0.015069977828405938,121444.27180125014
2011-02-28,2782.27001953125,2782.27001953125,0.0,0,0,0,0,0,0.2905342301696222,0.5,0.5658834101929875,0.18182387560515,0.7,0.030439816238089,0.81817612439485,0.025662730358659205,123630.67719418605,120662.9284613208,0.025185186323804534,124502.8684145234
2011-03-31,2781.070068359375,2782.27001953125,-0.00043128494482980173,1,0,0,0,0,0.20817687270998636,0.0,0.20817687270998636,0.18461424287042105,0.7,-0.00043128494482980173,0.815385757129579,0.0004175624106814511,123682.30071778945,120610.88835687637,0.0004883053774694919,124563.6638346806
2011-04-30,2873.5400390625,2873.5400390625,0.0,0,0,0,0,0,0.14916524743403942,0.0,0.20817687270998636,0.18697623776620598,0.7,0.0332497809944341,0.813023762233794,0.027811929694903703,127122.14416985656,124621.17398028665,0.02743315812888061,127980.83852177013
2011-05-31,2835.300048828125,2873.5400390625,-0.013307623946263503,1,0,0,0,0,0.10688157023597582,0.0,0.20817687270998636,0.1889756232797728,0.7,-0.013307623946263503,0.8110243767202272,-0.010005408986313141,125850.23512622008,122962.76226121512,-0.00981276582367747,126724.99252343812
2011-06-30,2773.52001953125,2873.5400390625,-0.03480724756627429,2,0,0,0,0,0.07658399159736826,0.0,0.07658399159736826,0.19066806657801816,0.7,-0.021789591307068035,0.8093319334219818,-0.016840561783615773,123730.8464660944,120283.45392555508,-0.016598339712321098,124621.56804749274
2011-07-31,2756.3798828125,2873.5400390625,-0.04077206325902594,3,0,1,1,1,0.3383435172944451,0.5,0.07658399159736826,0.19210068890039644,0.7,-0.0061799217593702105,0.8078993110996036,-0.004192334994959658,123212.12530849861,119540.11159134834,-0.004110604074162835,124109.29812214815
2011-08-31,2579.4599609375,2873.5400390625,-0.10234069270910329,4,2,1,3,3,1.0928397921497663,1.0,1.0928397921497663,0.17796155000402136,0.9,-0.06418560916736848,0.8220384499959786,-0.052021532213641176,116802.44176265136,111867.35670892245,-0.05051515400056146,117839.89781460624
2011-09-30,2415.39990234375,2873.5400390625,-0.1594340536379717,5,2,1,3,3,1.6334599967948917,1.5,1.6334599967948917,0.16599302732254984,0.9,-0.06360248310817851,0.8340069726774502,-0.05235327677797666,110687.45120070777,104752.31504348663,-0.05004865315320948,111942.16964127337
2011-10-31,2684.409912109375,2873.5400390625,-0.0658178150929225,6,1,1,2,3,1.7373626111257228,1.5,1.6334599967948917,0.15586189159874542,0.9,0.11137286604367036,0.8441381084012546,0.09466350501765831,121165.51329283777,116418.88059458922,0.08993162616826963,122009.31099391739
2011-11-30,2620.340087890625,2873.5400390625,-0.08811429377350255,7,1,1,2,3,1.8118120875442363,2.0,1.6334599967948917,0.14728607035615848,0.9,-0.0238673773069199,0.8527139296438415,-0.01973835313385859,118773.90560381851,113640.26724578891,-0.01826056851220259,119781.35161138632
2011-12-31,2605.14990234375,2873.5400390625,-0.09340052098467122,8,1,1,2,2,1.865157468453926,2.0,1.865157468453926,0.14770270815384923,0.8,-0.005797028262504278,0.8522972918461508,-0.004325363538246954,118260.16528322456,112981.49140480654,-0.0038042892766700894,119325.66869990609
2012-01-31,2813.840087890625,2873.5400390625,-0.020775750593456932,9,0,1,1,2,1.6199124147239934,1.5,1.865157468453926,0.14805538443549315,0.8,0.08010678593163667,0.8519446155645068,0.06886344237978434,126403.96736102966,122032.07555100841,0.06491876207864268,127072.14339611022
2012-02-29,2966.889892578125,2966.889892578125,0.0,0,0,0,0,0,1.1607179655369346,1.0,1.1607179655369346,0.15602983221817635,0.7,0.05439179196648403,0.8439701677818237,0.04655517409281664,132288.72606754513,128669.61881761711,0.044346766906520556,132707.38211960945
2012-03-31,3091.570068359375,3091.570068359375,0.0,0,0,0,0,0,0.8316907650527221,1.0,1.1607179655369346,0.1627800565323122,0.7,0.0420238634716934,0.8372199434676878,0.03586146683561628,137032.7938301423,134076.8133117635,0.03445242411068805,137279.4731310134
2012-04-30,3046.360107421875,3091.570068359375,-0.014623624869512297,1,0,0,0,0,0.5959324738753444,0.5,0.5959324738753444,0.16849399805314047,0.7,-0.014623624869512297,0.8315060019468595,-0.011457573523997417,135462.73051963467,132116.12429019262,-0.010865566562276505,135787.8538780741
2012-05-31,2827.340087890625,3091.570068359375,-0.08546789321484494,2,1,0,1,1,0.7104729659455917,0.5,0.5959324738753444,0.17333074512761526,0.7,-0.07189564326215059,0.8266692548723847,-0.05871170640606108,127509.4824564025,122617.55054904697,-0.05668318127638714,128090.96634157166
2012-06-30,2935.050048828125,3091.570068359375,-0.050628003270296706,3,1,1,2,2,1.0760135042686634,1.0,0.5959324738753444,0.16974904937860702,0.8,0.03809586310427138,0.830250950621393,0.03233641426280796,131632.68190354898,127288.77196894455,0.03131002381675044,132101.49754843686
2012-07-31,2939.52001953125,3091.570068359375,-0.04918214546850441,4,0,1,1,2,1.0544660558349317,1.0,1.0544660558349317,0.1667172093829532,0.8,0.001522962344342238,0.8332827906170468,0.0019637133513938183,131891.17075848277,127482.62797551083,0.0020517032088071237,132372.53061484525
2012-08-31,3066.9599609375,3091.570068359375,-0.007960391282651691,5,0,1,1,2,1.0390266343691887,1.0,1.0544660558349317,0.16415081223383976,0.8,0.04335399676120333,0.8358491877661602,0.03692136469690954,136760.77277435907,133009.5094158708,0.03551653074229599,137073.9436678629
2012-09-30,3116.22998046875,3116.22998046875,0.0,0,0,0,0,0,0.7444951160456281,0.5,1.0544660558349317,0.16965431770377315,0.7,0.016064774290757144,0.8303456822962269,0.014046208959826013,138681.743166255,135146.2771631611,0.013685152765939049,138949.82152718733
2012-10-31,2977.22998046875,3116.22998046875,-0.04460518025665461,1,0,0,0,0,0.5334540612159593,0.5,0.5334540612159593,0.17431293450690732,0.7,-0.04460518025665461,0.8256870654930927,-0.0361036164981288,133674.83069568855,129118.05310928251,-0.03485081087199036,134107.3075764465
2012-11-30,3010.239990234375,3116.22998046875,-0.03401224906334799,2,0,0,0,0,0.3822365376139817,0.5,0.5334540612159593,0.1782563684940287,0.7,0.011087490715254722,0.8217436315059713,0.009853809753367275,134992.03704617746,130549.64832430345,0.009703325905537111,135408.59448817486
2012-12-31,3019.510009765625,3116.22998046875,-0.031037494443390323,3,0,1,1,1,0.5573531366719445,0.5,0.5334540612159593,0.18159441329743953,0.7,0.003079495176903979,0.8184055867025605,0.0032769194457411377,135434.3950773943,130951.67533666466,0.003296929474856517,135855.0270744918
2013-01-31,3142.1298828125,3142.1298828125,0.0,0,0,0,0,1,0.3993609734719607,0.5,0.3993609734719607,0.18442000722039287,0.7,0.040609195747091764,0.8155799927796071,0.03388846427095039,140024.05873603237,136269.5175538209,0.033320689931006744,140381.8103072095
2013-02-28,3160.18994140625,3160.18994140625,0.0,0,0,0,0,1,0.28615464171388827,0.5,0.3993609734719607,0.18681182083813486,0.7,0.005747712305763875,0.8131881791618651,0.005452354291095933,140787.51951353846,137052.75553676547,0.005431503177944433,141144.2945560187
2013-03-31,3267.52001953125,3267.52001953125,0.0,0,0,0,0,1,0.20503876045402547,0.0,0.3993609734719607,0.1888364473548979,0.7,0.033963173136751124,0.8111635526451021,0.028336506711353144,144776.9460051086,141707.50200192948,0.028003871842734233,145096.88129209858
2013-04-30,3328.7900390625,3328.7900390625,0.0,0,0,0,0,0,0.1469166917465481,0.0,0.1469166917465481,0.19055025670106684,0.7,0.018751230035321864,0.8094497432989332,0.01597213774155164,147089.34332850337,144364.69196969847,0.015834317361590824,147394.39135865474
2013-05-31,3455.909912109375,3455.909912109375,0.0,0,0,0,0,0,0.10527040968231952,0.0,0.1469166917465481,0.1920009649925455,0.7,0.03818801172653008,0.8079990350074545,0.031655880644691936,151745.5860250166,149877.69251953423,0.0313837427145574,152020.1790146235
2013-06-30,3403.25,3455.909912109375,-0.015237640288265797,1,0,0,0,0,0.07542954461431212,0.0,0.1469166917465481,0.1932289630494295,0.7,-0.015237640288265797,0.8067710369505705,-0.011488166176671363,150002.3075161848,147593.91015368627,-0.011356778897279304,150293.71945362963
2013-07-31,3626.3701171875,3626.3701171875,0.0,0,0,0,0,0,0.05404763045847717,0.0,0.05404763045847717,0.19426844096278295,0.7,0.06556089537574383,0.805731559037217,0.05363393428031889,158047.52141940405,157270.29905536902,0.0532820496339284,158301.67687322563
2013-08-31,3589.8701171875,3626.3701171875,-0.010065161255053634,1,0,0,0,0,0.0387268194858205,0.0,0.05404763045847717,0.19514834001986414,0.7,-0.010065161255053634,0.8048516599801359,-0.0072878436606815655,156895.69579234123,155687.34813474622,-0.007218795670709575,157158.92941354713
2013-09-30,3771.47998046875,3771.47998046875,0.0,0,0,0,0,0,0.02774897872052952,0.0,0.05404763045847717,0.19589315849143185,0.7,0.050589535931047314,0.8041068415085681,0.04149561344461297,163406.1789360638,163563.49882721843,0.041304962078171185,163650.37303321966
2013-10-31,3919.7099609375,3919.7099609375,0.0,0,0,0,0,0,0.019883012089705207,0.0,0.019883012089705207,0.1965236337159748,0.7,0.03930286816750561,0.8034763662840252,0.032397774173584054,168700.17541980266,169992.01345864058,0.03227562786733782,168932.29157359083
2013-11-30,4059.889892578125,4059.889892578125,0.0,0,0,0,0,0,0.014246800710790968,0.0,0.019883012089705207,0.1970573194715468,0.7,0.03576283271915792,0.8029426805284532,0.02953657693127611,173683.00112940944,176071.40939955477,0.02944359950865967,173906.26631076378
2013-12-31,4176.58984375,4176.58984375,0.0,0,0,0,0,0,0.010208278784786645,0.0,0.019883012089705207,0.19750907471047296,0.7,0.028744609893291306,0.802490925289527,0.023890243068314138,177832.33024322533,181132.51337610697,0.02382902124796638,178050.28242583747
2014-01-31,4103.8798828125,4176.58984375,-0.017408930169742654,1,0,0,0,0,0.007314551376365783,0.0,0.007314551376365783,0.19789147726434753,0.7,-0.017408930169742654,0.8021085227356525,-0.01313930343892563,175495.73729490832,177979.19009927235,-0.01309381080246079,175718.92571442883
2014-02-28,4308.1201171875,4308.1201171875,0.0,0,0,0,0,0,0.005241105083966689,0.0,0.007314551376365783,0.1982151740377538,0.7,0.04976759559420363,0.8017848259622462,0.04072879953054865,182643.4679976585,186836.78645631683,0.04064740980869624,182861.44489908707
2014-03-31,4198.990234375,4308.1201171875,-0.025331207079654083,1,0,0,0,0,0.0037554158946696012,0.0,0.007314551376365783,0.19848917744084826,0.7,-0.025331207079654083,0.8015108225591517,-0.019476198383492883,179086.26758148696,182103.98512849474,-0.019431632330389935,179308.14853440414
2014-04-30,4114.56005859375,4308.1201171875,-0.04492912298836116,2,0,0,0,0,0.002690873072757249,0.0,0.002690873072757249,0.1987211163141256,0.7,-0.020107256999566947,0.8012788836858744,-0.01528351579128913,176349.19978290226,178442.3734988708,-0.015252472266320224,176573.25597175793
2014-05-31,4242.6201171875,4308.1201171875,-0.015203847204418475,3,0,1,1,1,0.28539678423562115,0.5,0.002690873072757249,0.1989174483316466,0.7,0.031123633333843603,0.8010825516683534,0.02576142230964752,180892.20599247803,183996.14850287043,0.025732240000408215,181116.88137207672
2014-06-30,4408.18017578125,4408.18017578125,0.0,0,0,0,0,1,0.20449573184189457,0.0,0.002690873072757249,0.19908363979648902,0.7,0.03902306924040655,0.800916360203511,0.0320837297458147,186695.90264266497,191176.24294586605,0.03205178872565857,186922.0013884647
2014-07-31,4369.77001953125,4408.18017578125,-0.00871338164919555,1,0,0,0,1,0.1465275947434189,0.0,0.1465275947434189,0.19922431783431094,0.7,-0.00871338164919555,0.8007756821656891,-0.006147362809794935,185548.21519401835,189510.4513788194,-0.006137371986023108,185774.79153357178
2014-08-31,4580.27001953125,4580.27001953125,0.0,0,0,0,0,1,0.104991609496727,0.0,0.1465275947434189,0.19934339922242061,0.7,0.048171871530799715,0.8006566007775794,0.039399724409704434,192858.7637373752,198639.52449638373,0.03937083055797311,193088.89937298282
2014-09-30,4493.39013671875,4580.27001953125,-0.018968288428853675,1,0,0,0,0,0.0752297755519413,0.0,0.1465275947434189,0.19944419944123004,0.7,-0.018968288428853675,0.80055580055877,-0.014354155830718814,190090.43898936914,194871.672702366,-0.014341297409749607,190319.75404055364
2014-10-31,4630.740234375,4630.740234375,0.0,0,0,0,0,0,0.05390448967040451,0.0,0.05390448967040451,0.1995295249843172,0.7,0.030567142731244834,0.8004704750156828,0.025299468282719714,194899.62602142894,200828.34293613562,0.0252870475183292,195132.37870465382
2014-11-30,4791.6298828125,4791.6298828125,0.0,0,0,0,0,0,0.03862425462934623,0.0,0.05390448967040451,0.19960175149720683,0.7,0.03474382934356379,0.8003982485027932,0.028640574117440105,200481.66320595704,207805.8886104594,0.028628396808184367,200718.70587233556
2014-12-31,4736.0498046875,4791.6298828125,-0.011599409696555374,1,0,0,0,0,0.027675487789501203,0.0,0.05390448967040451,0.19966288992042047,0.7,-0.011599409696555374,0.8003371100795795,-0.008451509327168429,198787.29055944565,205395.46297110993,-0.008446194423910966,199023.39665802201
2015-01-31,4635.240234375,4791.6298828125,-0.03263809022446984,2,0,0,0,0,0.0198303535365802,0.0,0.0198303535365802,0.19971464247835946,0.7,-0.02128558069907205,0.8002853575216405,-0.016202394216152775,195566.46051264062,201023.50126881513,-0.01619513122592431,195800.18663211618
2015-02-28,4963.52978515625,4963.52978515625,0.0,0,0,0,0,0,0.014209069208707386,0.0,0.0198303535365802,0.19975845007287119,0.7,0.07082471116527045,0.8002415499271288,0.05750920351134088,206813.33189025472,215260.9326836103,0.05749310226554969,207057.34678577015
2015-03-31,4900.8798828125,4963.52978515625,-0.012622046216204552,1,0,0,0,0,0.010181242982148779,0.0,0.0198303535365802,0.19979553240103676,0.7,-0.012622046216204552,0.8002044675989632,-0.009267736387443153,204896.64044888705,212543.89924273448,-0.009264303639630309,205139.10465433053
2015-04-30,4941.419921875,4963.52978515625,-0.004454463705923728,2,0,0,0,0,0.00729517937726926,0.0,0.00729517937726926,0.1998269219141453,0.7,0.008271991975292936,0.8001730780858547,0.00745163745541391,206423.45592934443,214302.06067166786,0.0074509269135676825,206667.5811302247
2015-05-31,5070.02978515625,5070.02978515625,0.0,0,0,0,0,0,0.005227224440065623,0.0,0.00729517937726926,0.19985349256334495,0.7,0.026026904273387386,0.800146507436655,0.02165805943941967,210894.18740755258,219879.67989035902,0.02165485675204324,211142.93799489093
2015-06-30,4986.8701171875,5070.02978515625,-0.01640220501509093,1,0,0,0,0,0.003745469978703562,0.0,0.00729517937726926,0.1998759841323109,0.7,-0.01640220501509093,0.8001240158676891,-0.012290981545208413,208302.09084213464,216273.16830214477,-0.012288430678739413,208548.32263803534
2015-07-31,5128.27978515625,5128.27978515625,0.0,0,0,0,0,0,0.002683746512555246,0.0,0.002683746512555246,0.19989502283440475,0.7,0.028356396827215136,0.8001049771655953,0.023520990164414213,213201.5622720594,222405.89608559947,0.023518450795105443,213453.05610239977
2015-08-31,4776.509765625,5128.27978515625,-0.06859415520764767,1,1,0,1,1,0.2853916778320998,0.5,0.002683746512555246,0.19991113874779276,0.7,-0.06859415520764767,0.8000888612522072,-0.05404845645052818,201678.34691841344,207150.1515304079,-0.054041990832784804,201917.628001284
2015-09-30,4620.16015625,5128.27978515625,-0.09908188519218408,2,1,0,1,1,0.4879607623700979,0.5,0.002683746512555246,0.19992478057395568,0.7,-0.03273302412154533,0.8000752194260443,-0.02535586153746523,196564.61867884526,200369.50062358126,-0.025353085963902934,196798.39302094007
2015-10-31,5053.75,5128.27978515625,-0.014533096531116674,3,0,1,1,1,0.6331078539958424,0.5,0.6331078539958424,0.19993632813049667,0.7,0.0938473622312539,0.8000636718695033,0.0759169332558814,211487.20171555495,219173.649728698,0.07591122311833647,211737.5997428827
2015-11-30,5108.669921875,5128.27978515625,-0.003823867671574943,4,0,1,1,1,0.7371102897844108,0.5,0.6331078539958424,0.19994610292607584,0.7,0.010867162379421202,0.8000538970739242,0.009527424373983054,213502.13003596524,221555.44536959013,0.009527063236870296,213754.8372452563
2015-12-31,5007.41015625,5128.27978515625,-0.02356923451331694,5,0,1,1,1,0.8116312914028603,1.0,0.6331078539958424,0.19995437711189812,0.7,-0.019821160335963817,0.8000456228881019,-0.015024689329384867,210294.32686101296,217163.9593636136,-0.01502359493543772,210543.4711549931
2016-01-31,4613.9501953125,5128.27978515625,-0.10029280994622625,6,2,1,3,3,1.4319653012102207,1.5,1.4319653012102207,0.18460955354804642,0.9,-0.07857554078057749,0.8153904464519536,-0.06330053880416191,196982.5826632523,200100.18381856632,-0.06202709929112866,197484.0703645635
2016-02-29,4557.9501953125,5128.27978515625,-0.11121265097402888,7,2,1,3,3,1.8764540422509826,2.0,1.4319653012102207,0.17162044082957506,0.9,-0.01213710543665869,0.8283795591704249,-0.009339044881101065,195142.953482965,197671.5467896656,-0.008876351015993619,195731.13243594044
2016-03-31,4869.85009765625,5128.27978515625,-0.0503930554350841,8,1,1,2,3,1.9114754529780025,2.0,1.4319653012102207,0.16062539429084488,0.9,0.0684298618849577,0.8393746057091551,0.058107560814630164,206482.23452002293,211198.18343506838,0.05557722284129949,206609.3252003126
2016-04-30,4775.35986328125,5128.27978515625,-0.06881838290034858,9,1,1,2,3,1.936569390304377,2.0,1.936569390304377,0.15131828833148797,0.9,-0.019403109434616095,0.848681711668512,-0.015836571258613576,203212.2638994088,207100.2819694856,-0.014689154214359543,203574.4089603204
2016-05-31,4948.0498046875,5128.27978515625,-0.03514433455647714,10,0,2,2,2,1.9545499821043009,2.0,1.936569390304377,0.15111590698074107,0.8,0.036162707387583426,0.8488840930192589,0.031327596674249364,209578.41574211064,214589.58886623415,0.029763499243400073,209633.49572738656
2016-06-30,4842.669921875,5128.27978515625,-0.05569311255363729,11,1,2,3,3,2.250902328537803,2.5,1.936569390304377,0.14326868111040592,0.9,-0.021297255883048982,0.8567313188895941,-0.017649073283453696,205879.55092404803,210019.4194823117,-0.016204471373105853,206236.495747028
2016-07-31,5162.1298828125,5162.1298828125,0.0,0,0,0,0,0,1.6128419954407862,1.5,1.6128419954407862,0.15197797533101687,0.7,0.06596773393421995,0.8480220246689831,0.056575332857601225,217527.2550461495,223873.92466774015,0.0536075204807093,217292.32291665653
2016-08-31,5213.22021484375,5213.22021484375,0.0,0,0,0,0,0,1.155651788741632,1.0,1.6128419954407862,0.15935023372545953,0.7,0.009897141914494867,0.8406497662745405,0.008983989344395482,219481.5175875997,226089.6366711317,0.008751046864929227,219193.85821788953
2016-09-30,5312.0,5312.0,0.0,0,0,0,0,0,0.8280606907539854,1.0,0.8280606907539854,0.1655907157275267,0.7,0.018947940252934448,0.8344092842724733,0.01650029858041998,223103.02816067878,230373.56959858397,0.01599168553568089,222699.13746986268
2016-10-31,5189.14013671875,5312.0,-0.02312873932252446,1,0,0,0,0,0.5933314119805904,0.5,0.8280606907539854,0.17087316969678534,0.7,-0.02312873932252446,0.8291268303032147,-0.018464686782990753,218983.5006253551,225045.31936053888,-0.01766965812468624,218764.1198461077
2016-11-30,5323.68017578125,5323.68017578125,0.0,0,0,0,0,0,0.4251405342310493,0.5,0.8280606907539854,0.17534467044433866,0.7,0.025927231779786508,0.8246553295556613,0.022111632661343937,223825.58335007814,230880.12151655564,0.02157511875716254,223483.98171159357
2016-12-31,5383.1201171875,5383.1201171875,0.0,0,0,0,0,0,0.30462650417061465,0.5,0.30462650417061465,0.17912971410997724,0.7,0.011165197653431047,0.8208702858900228,0.009911552798582126,226044.04243712587,233457.94370753615,0.009765491456078171,225666.41262556848
2017-01-31,5614.7900390625,5614.7900390625,0.0,0,0,0,0,0,0.21827442826888238,0.0,0.30462650417061465,0.1823336844008533,0.7,0.043036364939231575,0.8176663155991467,0.035949109641645334,234170.12450253885,243505.12497089626,0.035262425284718596,233623.95764004806
2017-02-28,5825.43994140625,5825.43994140625,0.0,0,0,0,0,0,0.15640046215224684,0.0,0.30462650417061465,0.18504578669917238,0.7,0.03751696873404775,0.8149542133008276,0.03134563585133418,241510.33595245704,252640.69913100978,0.030846908320571534,240830.5344428597
2017-03-31,5911.740234375,5911.740234375,0.0,0,0,0,0,0,0.11206582812029575,0.0,0.11206582812029575,0.1873415317307333,0.7,0.014814382061574705,0.8126584682692667,0.012819622750059724,244606.4073496077,256383.41497223987,0.012684838982593098,243885.43099435922
2017-04-30,6047.60986328125,6047.60986328125,0.0,0,0,0,0,0,0.08029867469357252,0.0,0.11206582812029575,0.18928483794495798,0.7,0.02298301743980713,0.810715162055042,0.019421367532997752,249356.99828767058,262275.8794698242,0.019219747285179035,248572.84734460773
2017-05-31,6198.52001953125,6198.52001953125,0.0,0,0,0,0,0,0.05753651461552388,0.0,0.11206582812029575,0.19092981114116558,0.7,0.024953685780273016,0.8090701888588344,0.020984824146724358,254589.7110464924,268820.62935385894,0.020796281957551746,253742.23836497767
2017-06-30,6140.419921875,6198.52001953125,-0.009373220941963467,1,0,0,0,0,0.041226714223309306,0.0,0.041226714223309306,0.19232225088969024,0.7,-0.009373220941963467,0.8076777491103098,-0.0067691992802782945,252866.34255771025,266300.9142011675,-0.006665243420237441,252050.98458027918
2017-07-31,6348.1201171875,6348.1201171875,0.0,0,0,0,0,0,0.029540231573078897,0.0,0.041226714223309306,0.19350092568982757,0.7,0.03382508003606999,0.8064990743101724,0.02808614959459889,259968.3844822252,275308.56393770064,0.027893397362189324,259081.54284870796
2017-08-31,6428.66015625,6428.66015625,0.0,0,0,0,0,0,0.021166500843711453,0.0,0.041226714223309306,0.194498652367733,0.7,0.01268722670266409,0.805501347632267,0.011029989258244229,262835.8329705472,278801.4661015631,0.010983114695464606,261927.06514929328
2017-09-30,6495.9599609375,6495.9599609375,0.0,0,0,0,0,0,0.015166460589805784,0.0,0.015166460589805784,0.1953432097670157,0.7,0.010468714016881098,0.8046567902329843,0.009237651859386495,265263.81889170094,281720.1589176676,0.009208304546838212,264338.9693342475
2017-10-31,6727.669921875,6727.669921875,0.0,0,0,0,0,0,0.010867243883179264,0.0,0.015166460589805784,0.19605811217112967,0.7,0.035669856700295766,0.8039418878288703,0.029493400734934096,273087.3510027529,291769.0766158453,0.029369218693569947,272102.3983338579
2017-11-30,6873.97021484375,6873.97021484375,0.0,0,0,0,0,0,0.007786720501939433,0.0,0.015166460589805784,0.19666326399129253,0.7,0.021746056906426947,0.8033367360087075,0.018288836642899018,278081.80095448426,298113.9035594692,0.01823017885847489,277062.8737233041
2017-12-31,6903.39013671875,6903.39013671875,0.0,0,0,0,0,0,0.005579429046326457,0.0,0.005579429046326457,0.19717551394784472,0.7,0.004279902437090977,0.8028244860521553,0.004257575115860283,279265.75511040166,299389.80198184407,0.004257255283006115,278242.40110618743
2018-01-31,7411.47998046875,7411.47998046875,0.0,0,0,0,0,0,0.0039978356068177635,0.0,0.005579429046326457,0.19760912417464216,0.7,0.07360004775733286,0.8023908758253578,0.05987937813152215,295988.0148598425,321424.90570576617,0.059713371539199624,294857.1929814002
2018-02-28,7273.009765625,7411.47998046875,-0.018683207025945725,1,0,0,0,0,0.002864574386811692,0.0,0.005579429046326457,0.1979761673073518,0.7,-0.018683207025945725,0.8020238326926482,-0.014159476608825237,291796.97948694194,315419.65764917026,-0.014113232287423247,290695.8049252361
2018-03-31,7063.4501953125,7411.47998046875,-0.046958203499625206,2,0,0,0,0,0.0020525572396182905,0.0,0.0020525572396182905,0.19828686261143713,0.7,-0.028813321728640817,0.8017131373885629,-0.02227382330077369,285297.5451261503,306331.369573787,-0.022217324049579323,284237.32202735887
2018-04-30,7066.27001953125,7411.47998046875,-0.04657773640989671,3,0,1,1,1,0.28493941095514214,0.5,0.0020525572396182905,0.19854986050835466,0.7,0.000399213435471113,0.8014501394916453,0.0011472407489967402,285624.8500955078,306453.6611722271,0.0011527040817102237,284564.9635486342
2018-05-31,7442.1201171875,7442.1201171875,0.0,0,0,0,0,1,0.20416800956581152,0.0,0.0020525572396182905,0.19877248342178,0.7,0.05318932005391752,0.80122751657822,0.043444965496208535,298033.8118527669,322753.72303801146,0.04338478937646735,296910.7545561138
2018-06-30,7510.2998046875,7510.2998046875,0.0,0,0,0,0,1,0.14629277147143288,0.0,0.14629277147143288,0.1989609296495365,0.7,0.009161325862309111,0.8010390703504635,0.008167583825461483,300468.02799389616,325710.57506803615,0.008162394023180622,299334.25712452066
2018-07-31,7671.7900390625,7671.7900390625,0.0,0,0,0,0,1,0.10482335126989765,0.0,0.14629277147143288,0.19912044593745692,0.7,0.021502501707615806,0.8008795540625431,0.01805058250356382,305891.6509228831,332714.16726462514,0.01803533469942598,304732.8506387655
2018-08-31,8109.5400390625,8109.5400390625,0.0,0,0,0,0,0,0.07510921326415644,0.0,0.14629277147143288,0.19925547356000395,0.7,0.05705969503481012,0.800744526439996,0.04652046961929297,320121.87417643645,351698.73618250544,0.04648108936118143,318897.16550059343
2018-09-30,8046.35009765625,8109.5400390625,-0.007792049993202155,1,0,0,0,0,0.05381810301633225,0.0,0.05381810301633225,0.1993697719748455,0.7,-0.007792049993202155,0.8006302280251545,-0.005407843379612322,318390.7052185023,348958.28204762534,-0.00540030666122839,317175.02301349374
2018-10-31,7305.89990234375,8109.5400390625,-0.09909811565732829,2,1,0,1,1,0.32203104531309845,0.5,0.05381810301633225,0.1994665234941928,0.7,-0.09202311437184163,0.8005334765058072,-0.07283647315242275,295200.2491658739,316846.0541477553,-0.07278515816413997,294089.38879774185
2018-11-30,7330.5400390625,8109.5400390625,-0.09605970206049519,3,1,1,2,2,0.7976827057960632,1.0,0.7976827057960632,0.19187250813170642,0.8,0.0033726354108472023,0.8081274918682936,0.0035249881794362516,296240.8265547503,317914.66036976123,0.0035314416620110954,295127.94831769756
2018-12-31,6635.27978515625,8109.5400390625,-0.1817933257379516,4,2,1,3,3,1.4219707028847317,1.5,1.4219707028847317,0.17776839915335385,0.9,-0.094844343009027,0.8222316008466461,-0.07724331432042171,273358.2032746402,287762.2532740533,-0.07504214107388826,272980.9151851937
2019-01-31,7281.740234375,8109.5400390625,-0.10207728190502863,5,2,1,3,3,1.8692925996141614,2.0,1.4219707028847317,0.1658295286573127,0.9,0.09742776041862511,0.8341704713426873,0.0819623171996724,295763.2750405688,315798.2851435614,0.07877554166823343,294485.1346439974
2019-02-28,7532.52978515625,8109.5400390625,-0.07115203219009636,6,1,1,2,3,1.906344055099842,2.0,1.4219707028847317,0.15572349296657817,0.9,0.03444088126040867,0.8442765070334218,0.029726474817051412,304555.27458787087,326674.6563844315,0.028386038341660272,302844.400967051
2019-03-31,7729.31982421875,8109.5400390625,-0.04688554628404118,7,0,1,1,1,1.6494238936314525,1.5,1.6494238936314525,0.16252074595421773,0.7,0.026125358236259277,0.8374792540457823,0.022556615302190493,311425.0107550025,335209.1488091817,0.021733619922340755,309426.30607327784
2019-04-30,8095.39013671875,8109.5400390625,-0.001744846474102335,8,0,1,1,1,1.4653325536216777,1.5,1.6494238936314525,0.16827449638771264,0.7,0.047361258276953366,0.8317255036122874,0.04009271012705946,323910.8834375192,351085.07588273106,0.038722339954896025,321408.016688035
2019-05-31,7453.14990234375,8109.5400390625,-0.08094048904833218,9,1,1,2,2,1.6168940339253994,1.5,1.6494238936314525,0.16546902722377832,0.8,-0.07933406834365553,0.8345309727762217,-0.06551728294902703,302689.1224370739,323232.068478213,-0.06263392134159108,301276.9722522398
2019-06-30,8006.240234375,8109.5400390625,-0.012738059642090627,10,0,2,2,2,1.7254925800399288,1.5,1.7254925800399288,0.1630942488467637,0.8,0.07420893706395515,0.8369057511532363,0.06278544558598746,321693.59386331716,347218.77670496475,0.060200482984497455,319413.9914939317
2019-07-31,8175.419921875,8175.419921875,0.0,0,0,0,0,0,1.236369459761359,1.0,1.7254925800399288,0.1687599561054247,0.7,0.02113097815546716,0.8312400438945753,0.01826808169325844,327570.3187162101,354555.84909068537,0.01773811585770706,325079.7938816237
2019-08-31,7962.8798828125,8175.419921875,-0.025997446136534985,1,0,0,0,0,0.8858974293562144,1.0,0.8858974293562144,0.17355587375846138,0.7,-0.025997446136534985,0.8264441262415386,-0.02076228718282653,320769.2096864541,345338.3025015568,-0.01996462357589466,318589.6981646477
2019-09-30,7999.33984375,8175.419921875,-0.02153774115674012,2,0,0,0,0,0.6347732460905592,0.5,0.8858974293562144,0.17761553040583722,0.7,0.004578740540366111,0.8223844695941628,0.004505549820722596,322214.4513416502,346919.51698736195,0.004496325765626222,320022.18123316846
2019-10-31,8292.3603515625,8292.3603515625,0.0,0,0,0,0,0,0.45483490593844683,0.5,0.8858974293562144,0.18105195556717157,0.7,0.03663058621536641,0.8189480444328284,0.030752930095698995,332123.4898395839,359627.3822641607,0.030137802305626463,329666.94646458904
2019-11-30,8665.4697265625,8665.4697265625,0.0,0,0,0,0,0,0.32590345124678144,0.5,0.32590345124678144,0.18396082666519542,0.7,0.04499435132841234,0.8160391733348046,0.03748365670721169,344572.69271713204,375808.5830490716,0.036828814396063204,341808.1892484503
2019-12-31,8972.599609375,8972.599609375,0.0,0,0,0,0,0,0.23352002704237734,0.0,0.32590345124678144,0.1864231328897351,0.7,0.035442958374321654,0.8135768671102649,0.029612334089007368,354776.2944118206,389128.3510147927,0.029187700032790656,351784.7841449854
2020-01-31,9150.9404296875,9150.9404296875,0.0,0,0,0,0,0,0.16732441102190135,0.0,0.32590345124678144,0.18850743010989235,0.7,0.019876159427214546,0.8114925698901077,0.016914803318593706,360777.26565389603,396862.7281572118,0.01673426087510497,357671.64249476005
2020-02-29,8567.3701171875,9150.9404296875,-0.06377162183318119,1,1,0,1,1,0.4033618689467211,0.5,0.4033618689467211,0.1902717496159957,0.7,-0.06377162183318119,0.8097282503840043,-0.05084488481439886,342433.5871380699,371554.1483374855,-0.05018396413321163,339722.2616163361
2020-03-31,7700.10009765625,9150.9404296875,-0.15854548974271876,2,2,0,2,2,0.8559587874443086,1.0,0.4033618689467211,0.184089300079311,0.8,-0.10122943303118992,0.815910699920689,-0.08182713880672222,314413.2264712393,333941.93256089516,-0.0801502130916186,312493.4499558202
2020-04-30,8889.5498046875,9150.9404296875,-0.028564345600152308,3,0,1,1,2,0.8967899611908328,1.0,0.4033618689467211,0.1788559695314489,0.8,0.15447197983741723,0.8211440304685511,0.12758897732453459,354528.888494012,385526.6040343099,0.12441091720326712,351371.046684837
2020-05-31,9489.8701171875,9489.8701171875,0.0,0,0,0,0,0,0.642578086201485,0.5,0.642578086201485,0.18210196461784112,0.7,0.06753101402091799,0.8178980353821589,0.05599224188098152,374379.75577236427,411561.60653678776,0.054858144550067725,370646.61035458243
2020-06-30,10058.76953125,10058.76953125,0.0,0,0,0,0,0,0.4604273182519474,0.5,0.642578086201485,0.1848496401375569,0.7,0.05994807168457905,0.8151503598624431,0.04963689904065064,392962.80591250054,436233.93122807564,0.04879179068099657,388731.1221836241
2020-07-31,10745.26953125,10745.26953125,0.0,0,0,0,0,0,0.32991058977104304,0.5,0.642578086201485,0.18717549725092564,0.7,0.06824890438807873,0.8128245027490744,0.05625427967762141,415068.64549920516,466006.4190912963,0.05543245684379632,410279.4433379083
2020-08-31,11775.4599609375,11775.4599609375,0.0,0,0,0,0,0,0.23639126726081722,0.0,0.23639126726081722,0.1891442927920991,0.7,0.09587385655533742,0.8108557072079009,0.07852796497989406,447663.14155721874,510684.25166912173,0.07753241857760328,442089.400872569
2020-09-30,11167.509765625,11775.4599609375,-0.05162857309432001,1,1,0,1,1,0.45285043396480296,0.5,0.23639126726081722,0.19081084223774858,0.7,-0.05162857309432001,0.8091891577622514,-0.04098223640266902,429316.9048611593,484318.3524537044,-0.040469525142122674,424198.2527488906
2020-10-31,10911.58984375,11775.4599609375,-0.07336190009164811,2,1,0,1,1,0.6079502043689202,0.5,0.23639126726081722,0.19222154588711748,0.7,-0.02291647173327338,0.8077784541128825,-0.01771050900256215,421713.48395266366,473219.48461979354,-0.017499844053285373,416774.84947810887
2020-11-30,12198.740234375,12198.740234375,0.0,0,0,0,0,1,0.43561535670006546,0.5,0.43561535670006546,0.19341568074554472,0.7,0.11796176442264827,0.8065843192544553,0.09595200812466928,462177.7395911722,529041.2899847206,0.09520274487145196,456452.959141811
2020-12-31,12888.2802734375,12888.2802734375,0.0,0,0,0,0,1,0.3121320424423666,0.5,0.43561535670006546,0.19442649408025825,0.7,0.056525512127837185,0.8055735059197418,0.046345565370731756,483597.62823429186,558945.6198378785,0.046053743035603084,477474.3264299687
2021-01-31,13070.6904296875,13070.6904296875,0.0,0,0,0,0,0,0.22365238144330254,0.0,0.43561535670006546,0.1952821290953689,0.7,0.01415318043835101,0.8047178709046311,0.012202992766776269,489498.96659366507,566856.47805067,0.012155877684014141,483278.4459393084
2021-02-28,13192.349609375,13192.349609375,0.0,0,0,0,0,0,0.16025393398851862,0.0,0.16025393398851862,0.19600640849883666,0.7,0.009307785257554269,0.8039935915011633,0.00830009306688779,493561.85357253783,572132.6564202192,0.008279561539376748,487279.7795731172
2021-03-31,13246.8701171875,13246.8701171875,0.0,0,0,0,0,0,0.11482696134539876,0.0,0.16025393398851862,0.1966194977775868,0.7,0.00413273673203407,0.8033805022224132,0.004139408018741158,495604.9074669608,574497.1300650033,0.0041395227189605895,489296.8852911503
2021-04-30,13962.6796875,13962.6796875,0.0,0,0,0,0,0,0.0822771131020244,0.0,0.16025393398851862,0.19713846664777512,0.7,0.05403612808007785,0.8028615333522249,0.044204938924487576,517513.09213221405,605540.7305668328,0.04406223579739561,510856.4000257802
2021-05-31,13748.740234375,13962.6796875,-0.01532223455047299,1,0,0,0,0,0.058954127681221435,0.0,0.058954127681221435,0.19757776431217666,0.7,-0.01532223455047299,0.8024222356878233,-0.011471661019089679,511576.3573663323,596262.4934632231,-0.01142445430704506,505020.1444262242
2021-06-30,14503.9501953125,14503.9501953125,0.0,0,0,0,0,0,0.0422424783711601,0.0,0.058954127681221435,0.1979496217568797,0.7,0.054929393389024916,0.8020503782431203,0.04488093083498625,534536.3804781049,629014.8305297854,0.044776848044553265,527633.3546926355
2021-07-31,14672.6796875,14672.6796875,0.0,0,0,0,0,0,0.030268058389172296,0.0,0.058954127681221435,0.19826439228808534,0.7,0.011633347461578625,0.8017356077119147,0.010152970531366287,539963.5125970423,636332.3786118244,0.010140011302596234,532983.5628728456
2021-08-31,15259.240234375,15259.240234375,0.0,0,0,0,0,0,0.021688011546117603,0.0,0.021688011546117603,0.19853083979028507,0.7,0.03997637509763852,0.8014691602097149,0.03286704361019242,557710.5169134819,661770.6404659832,0.03281443341144415,550473.1165061309
2021-09-30,14448.580078125,15259.240234375,-0.05312585317477336,1,1,0,1,1,0.2990088287630899,0.5,0.021688011546117603,0.19875638273153984,0.7,-0.05312585317477336,0.8012436172684602,-0.04173859917351377,534432.4611931769,626613.5105852117,-0.04166734920648536,527536.3609318876
2021-10-31,15498.3896484375,15498.3896484375,0.0,0,0,0,0,1,0.21424918794675052,0.0,0.021688011546117603,0.19894730070949007,0.7,0.07265832106934167,0.8010526992905099,0.05903209130480221,565981.1270385826,672142.1962236993,0.05895999018880667,558639.8995966705
2021-11-30,15537.6904296875,15537.6904296875,0.0,0,0,0,0,1,0.15351625142885525,0.0,0.15351625142885525,0.199108909288778,0.7,0.0025357977274731436,0.800891090711222,0.0028605182631489126,567600.126389074,673846.6128774221,0.0028619715153118484,560238.7110766328
2021-12-31,15644.9697265625,15644.9697265625,0.0,0,0,0,0,1,0.109999200830693,0.0,0.15351625142885525,0.19924570799773078,0.7,0.006904455804449761,0.8007542920022692,0.006358963069343671,571209.474630937,678499.1570350124,0.006356897976893142,563800.091405653
2022-01-31,14239.8798828125,15644.9697265625,-0.08981096597230198,1,1,0,1,1,0.36228656095949663,0.5,0.15351625142885525,0.199361505604848,0.7,-0.08981096597230198,0.800638494395152,-0.07107544363621789,530610.5078123322,617562.4923303054,-0.07101543944450825,523761.58015562664
2022-02-28,13751.400390625,15644.9697265625,-0.12103374880441864,2,2,0,2,2,0.8265270431800005,1.0,0.8265270431800005,0.19178361240758945,0.8,-0.034303624483314143,0.8082163875924105,-0.026925653076199103,516323.47336039157,596377.8604984271,-0.026609566253317986,509824.511687533
2022-03-31,14220.51953125,15644.9697265625,-0.0910484468943411,3,1,1,2,2,1.159169884326866,1.0,0.8265270431800005,0.1853690643029372,0.8,0.03411428125857063,0.8146309356970628,0.028562919963564408,531071.179405294,616722.8625678549,0.02812475834018984,524163.20287465013
2022-04-30,12334.6396484375,15644.9697265625,-0.2115906988624351,4,3,1,4,4,1.96445627409924,2.0,1.96445627409924,0.1645874390479788,1.0,-0.1326168062051618,0.8354125609520212,-0.11010396470109889,472598.1370142826,534935.0462204012,-0.10526011163079611,468989.7256273088
2022-05-31,12081.3896484375,15644.9697265625,-0.22777801046649815,5,3,1,4,4,2.5414691863500742,2.5,2.5414691863500742,0.14699617305613122,1.0,-0.020531609128287776,0.8530038269438688,-0.016901057105344595,464610.7289127247,523951.96894238127,-0.015591953969296886,461677.2594132547
2022-06-30,11028.740234375,15644.9697265625,-0.29506158035895247,6,3,1,4,4,2.9549170045831636,3.0,2.5414691863500742,0.13210548787634246,1.0,-0.08712982899269706,0.8678945121236575,-0.07506906089221643,429732.83781279833,478300.1234880447,-0.06887052986082431,429881.3019327706
2022-07-31,12390.6904296875,15644.9697265625,-0.20800802774004645,7,3,1,4,4,3.2511653116355927,3.5,3.2511653116355927,0.11950079500055177,1.0,0.12349100317618289,0.8804992049994482,0.10923165010038234,476673.2647894102,537365.8855568755,0.09962613587427965,472708.7149289369
2022-08-31,11816.2001953125,15644.9697265625,-0.24472847171761536,8,3,1,4,4,3.4634364993431364,3.5,3.2511653116355927,0.108831152833336,1.0,-0.046364666895280404,0.891168847166664,-0.04086528360952786,457193.8766347114,512451.0952721436,-0.03625840018289099,455569.0531731034
2022-09-30,10575.6201171875,15644.9697265625,-0.3240242517547417,9,3,1,4,4,3.6155354516682774,3.5,3.2511653116355927,0.09979949572766555,1.0,-0.10498976469754973,0.9002005042723344,-0.09409600789196938,414173.7580107315,458648.9753605196,-0.08315847842470644,417684.623893844
2022-10-31,10988.150390625,15644.9697265625,-0.2976560145099554,10,3,2,5,5,4.007987802740922,4.0,4.007987802740922,0.08447844928676784,1.0,0.03900766752836127,0.9155215507132322,0.036064353803966366,429110.66695594887,476539.8021036064,0.032039467356022346,431067.0167662033
2022-11-30,11468.0,15644.9697265625,-0.2669848391889641,11,3,2,5,5,4.289192200192768,4.5,4.007987802740922,0.07150946346834752,1.0,0.04366973442449451,0.9284905365316525,0.040844891243778464,446637.64547930984,497350.168704172,0.03576912087292894,446485.9049932465
2022-12-31,10466.48046875,14239.8798828125,-0.26498814913579316,12,3,2,5,5,4.490683955638053,4.5,4.007987802740922,0.06053145398268922,1.0,-0.0873316647410185,0.9394685460173108,-0.08179313770392137,410105.7510388655,453915.75051201024,-0.06903199845948146,415664.0906875725
2023-01-31,11584.5498046875,14220.51953125,-0.18536381323972595,13,2,2,4,5,4.351590417810865,4.5,4.351590417810865,0.05123876957740359,1.0,0.10682381143076158,0.9487612304225964,0.10156378564471996,451757.64362904377,502404.76105015783,0.08629238247794262,451532.7353835308
2023-02-28,11455.5400390625,14220.51953125,-0.19443589849944498,14,2,2,4,4,4.2519255428592055,4.5,4.351590417810865,0.05104859580862264,1.0,-0.011136364191968728,0.9489514041913774,-0.01035516595501937,447079.6182578165,496809.7986593243,-0.00807575802024165,447886.2662743555
2023-03-31,12221.91015625,12390.6904296875,-0.013621539041368536,15,0,2,2,2,3.6135751605394986,3.5,3.6135751605394986,0.06623944469973453,0.8,0.06689951888555568,0.9337605553002655,0.06274412959014596,475131.2397628979,530046.1351672629,0.054352948441777876,472230.205412946
2023-04-30,12226.580078125,12390.6904296875,-0.013244649480492199,16,0,2,2,2,3.1561771244906796,3.0,3.6135751605394986,0.07909822067163563,0.8,0.00038209427293267595,0.9209017793283644,0.0006814472152800275,475455.01662312687,530248.6627599003,0.0011390087516794743,472768.07974971866
2023-05-31,12935.2900390625,12935.2900390625,0.0,0,0,0,0,0,2.2614997314143204,2.5,2.2614997314143204,0.0976588532917817,0.7,0.0579646930220068,0.9023411467082183,0.05271083945878323,500516.64967422164,560984.3637221076,0.04720508775093877,495085.1384401469
2023-06-30,13787.919921875,13787.919921875,0.0,0,0,0,0,0,1.6204353664125755,1.5,1.6204353664125755,0.11337008960714401,0.7,0.06591501854521198,0.886629910392856,0.058914602359647836,530004.3890641616,597961.6584604243,0.05356534816950292,521604.5462542399
2023-07-31,14346.01953125,14346.01953125,0.0,0,0,0,0,0,1.1610926767957213,1.0,1.6204353664125755,0.1266693640235359,0.7,0.04047743332839904,0.8733306359764641,0.03587797160815039,549019.8714872005,622165.611623695,0.03321527999605256,538929.7873052884
2023-08-31,14034.9697265625,14346.01953125,-0.02168195881860735,1,0,0,0,0,0.8319592574020673,1.0,0.8319592574020673,0.13792695677131694,0.7,-0.02168195881860735,0.8620730432286831,-0.018116736568702,539073.4231044843,608675.8424541163,-0.016512233721552548,530030.8526977969
2023-09-30,13219.3203125,14346.01953125,-0.07853741006665338,2,1,0,1,1,0.8795935464765106,1.0,0.8319592574020673,0.14745630329857473,0.7,-0.058115509328018455,0.8525436967014253,-0.04893160989445096,512695.69266066933,573302.3358542348,-0.045659074129081434,505830.13470376795
2023-10-31,12851.240234375,14346.01953125,-0.10419470666542141,3,2,1,3,3,1.4806623849076934,1.5,1.4806623849076934,0.14017089347310963,0.9,-0.027844100106792058,0.8598291065268904,-0.023357122327397017,500720.5966504645,557339.2482232517,-0.021441946752100316,494984.15188984206
2023-11-30,14226.2197265625,14346.01953125,-0.008350734810205651,4,0,1,1,1,1.3444096486014327,1.5,1.4806623849076934,0.14935575470845353,0.7,0.10699196864359051,0.8506442452915465,0.0916344180637024,546603.8371370396,616970.0715929961,0.08642690824820574,537764.1017695413
2023-12-31,15011.349609375,15011.349609375,0.0,0,0,0,0,1,0.9633116074604321,1.0,0.9633116074604321,0.15713057188982837,0.7,0.055188932682274316,0.8428694281101716,0.04717177484412693,572388.1102714039,651019.9913411199,0.04498447947915279,561955.1399702182
2024-01-31,15164.009765625,15164.009765625,0.0,0,0,0,0,1,0.690242928584567,0.5,0.9633116074604321,0.16371181254822775,0.7,0.010169648980439483,0.8362881874517722,0.009186889865156781,577646.5768005925,657640.6361323078,0.008969052517684921,566995.345133194
2024-02-29,16091.919921875,16091.919921875,0.0,0,0,0,0,1,0.49458067023299024,0.5,0.9633116074604321,0.1692827124926699,0.7,0.06119160898679055,0.8307172875073301,0.051538272071101926,607417.4832366821,697882.7247923403,0.04978662052276577,595224.1272195149
2024-03-31,16379.4599609375,16379.4599609375,0.0,0,0,0,0,0,0.3543825358265076,0.5,0.3543825358265076,0.17399837748683433,0.7,0.01786859743638325,0.8260016225131657,0.015484483714015633,616823.0293634689,710352.9102594608,0.015128211282439933,604228.8035764977
2024-04-30,15657.8203125,16379.4599609375,-0.04405759714657864,1,0,0,0,0,0.2539261828402303,0.5,0.3543825358265076,0.17799010172510088,0.7,-0.04405759714657864,0.8220098982748991,-0.03547415552484101,594941.7532885255,679056.4679073498,-0.034412744383929585,583435.632209612
2024-05-31,16735.01953125,16735.01953125,0.0,0,0,0,0,0,0.18194606057950985,0.0,0.3543825358265076,0.1813690233435964,0.7,0.06879624349054803,0.8186309766564036,0.05707444026289073,628897.7208464909,725773.0020173353,0.05587032812577176,616032.3724214302
2024-06-30,17732.599609375,17732.599609375,0.0,0,0,0,0,0,0.13037004924077425,0.0,0.13037004924077425,0.18422921874349074,0.7,0.059610332468520655,0.8157707812565093,0.0493959892335699,659962.7458944408,769036.5719642651,0.04852159930814986,645923.2483569117
2024-07-31,17599.400390625,17732.599609375,-0.0075115449332978645,1,0,0,0,0,0.09341422224206142,0.0,0.13037004924077425,0.18665032187911745,0.7,-0.0075115449332978645,0.8133496781208825,-0.005331802979192041,656443.954559725,763259.919198606,-0.0051759026133049585,642580.0125277468
2024-08-31,17713.619140625,17732.599609375,-0.0010703714722101187,2,0,0,0,0,0.06693421508933547,0.0,0.13037004924077425,0.1886997414375008,0.7,0.00648992280787275,0.8113002585624992,0.006051524974734076,660416.4415452565,768213.4171565482,0.006025271579631534,646451.7316148696
2024-09-30,18189.169921875,18189.169921875,0.0,0,0,0,0,0,0.04796046086018945,0.0,0.04796046086018945,0.1904345376403057,0.7,0.026846618834620584,0.8095654623596943,0.02252757262981203,675294.0208980892,788837.3499505915,0.0223106284010298,660874.4759781312
2024-10-31,18095.150390625,18189.169921875,-0.005168984162214452,1,0,0,0,0,0.03436517187587447,0.0,0.04796046086018945,0.1919030109223897,0.7,-0.005168984162214452,0.8080969890776103,-0.003377444659232062,673013.2527137955,784759.8621821336,-0.0033018539964382284,658692.3649484788
2024-11-30,19218.169921875,19218.169921875,0.0,0,0,0,0,0,0.024623721642313856,0.0,0.04796046086018945,0.19314604671916402,0.7,0.062061906478093176,0.806853953280836,0.05087966978465819,707255.9447725721,833463.5553566425,0.050482858515807874,691945.0384136157
2024-12-31,19310.7890625,19310.7890625,0.0,0,0,0,0,0,0.017643667539571327,0.0,0.017643667539571327,0.19419825380451827,0.7,0.0048193527792455,0.8058017461954817,0.004692602275900232,710574.8156286558,837480.3102585505,0.004688815556729734,695189.4410741314
2025-01-31,19627.439453125,19627.439453125,0.0,0,0,0,0,0,0.012642240225457266,0.0,0.017643667539571327,0.19508892787307108,0.7,0.016397589430455106,0.8049110721269289,0.014011471821569279,720531.0146349536,851212.9685422604,0.013951404877697419,704888.3104332568
2025-02-28,18847.279296875,19627.439453125,-0.03974844289359336,1,0,0,0,0,0.009058560957335572,0.0,0.017643667539571327,0.19584286719493493,0.7,-0.03974844289359336,0.8041571328050651,-0.031147981924132342,698087.9276153273,817378.5784718723,-0.030965420981541356,683061.1471557237
2025-03-31,17299.2890625,19627.439453125,-0.11861712253323609,2,2,0,2,2,0.5734281214070938,0.5,0.5734281214070938,0.1888051492970999,0.8,-0.0821333525116098,0.8111948507029001,-0.06583946450631273,652126.1922828126,750244.5355508034,-0.06487334867595451,638748.6831892929
2025-04-30,17446.33984375,19627.439453125,-0.1111250203870956,3,2,1,3,3,1.2612852716303231,1.5,1.2612852716303231,0.17517193595617764,0.9,0.008500394479722617,0.8248280640438224,0.007741246988802474,657174.4622051412,756621.9100592416,0.007633648917111427,643624.6663830271
2025-05-31,19113.76953125,19627.439453125,-0.02617101039092573,4,0,1,1,1,1.187219078114904,1.0,1.2612852716303231,0.17898349752249065,0.7,0.09557475679331917,0.8210165024775093,0.07921421712059985,709232.0227403727,828935.8650976501,0.07729313876798868,693372.437036271
2025-06-30,20369.73046875,20369.73046875,0.0,0,0,0,0,1,0.850679641979878,1.0,1.2612852716303231,0.18220991473167003,0.7,0.06570974581683475,0.81779008526833,0.05449598661255821,747882.3215568297,883405.0300916746,0.05340112998680114,730399.30867571
2025-07-31,21122.44921875,21122.44921875,0.0,0,0,0,0,1,0.6095385987462838,0.5,0.6095385987462838,0.18494101793611295,0.7,0.036952808538864845,0.815058982063887,0.0308893060868227,770983.8875043221,916049.3270309224,0.030395580164425208,752600.2194146032
2025-08-31,21455.55078125,21455.55078125,0.0,0,0,0,0,1,0.4367534910049858,0.5,0.6095385987462838,0.18725284688746402,0.7,0.015770025485695616,0.812747153112536,0.013597263513375682,781467.1585872852,930495.4482643545,0.013449353721889826,762722.205976682
2025-09-30,22660.009765625,22660.009765625,0.0,0,0,0,0,0,0.31294755130748014,0.5,0.6095385987462838,0.18920976784585575,0.7,0.05613740689554225,0.8107902321541443,0.046304035202059425,817652.2414077641,982731.0498580205,0.045743258849767134,797611.6052751387
2025-10-31,23724.9609375,23724.9609375,0.0,0,0,0,0,0,0.2242367190792069,0.0,0.2242367190792069,0.19086626567418985,0.7,0.04699694231776186,0.8091337343258101,0.03882208754644114,849395.2083062402,1028916.4043220716,0.03843088718754282,828264.5268969425
2025-11-30,23365.689453125,23724.9609375,-0.01514318549655147,1,0,0,0,0,0.16067263020059075,0.0,0.2242367190792069,0.1922684608131956,0.7,-0.01514318549655147,0.8077315391868044,-0.011430509942599164,839686.1879324997,1013335.3323509777,-0.011281215063907843,818920.6966392122
2025-12-31,23237.173828125,23724.9609375,-0.020560080611302323,2,0,0,0,0,0.11512697029096708,0.0,0.2242367190792069,0.19345539337309448,0.7,-0.005500185443182426,0.8065446066269055,-0.0036300807655920415,836638.0592525525,1007761.8001069184,-0.0035668150212126073,815999.7579972575
